# {"time_iso8601_last_update_rki": "2021-07-16T17:00:00+0000", "time_iso8601_last_update_rl": "2021-07-18T00:00:00+0000"}
ags,county_name,state,population,rl_cases_total,rl_cases_7di,rl_deaths_total,rki_cases_total,rki_cases_7di,rki_deaths_total
1001,SK Flensburg,Schleswig-Holstein,90164,2279,3.33,39,2279,6.65,39
1002,SK Kiel,Schleswig-Holstein,246794,5485,6.89,104,5486,7.29,104
1003,SK Lübeck,Schleswig-Holstein,216530,5802,11.93,99,5800,12.47,99
1004,SK Neumünster,Schleswig-Holstein,80196,1840,22.45,25,1868,24.94,23
1051,LK Dithmarschen,Schleswig-Holstein,133193,1986,3.37,53,1981,1.50,53
1053,LK Herzogtum Lauenburg,Schleswig-Holstein,198019,5230,7.58,113,5231,7.58,113
1054,LK Nordfriesland,Schleswig-Holstein,165951,2780,6.42,82,2777,6.03,82
1055,LK Ostholstein,Schleswig-Holstein,200539,3387,9.63,86,3382,7.98,86
1056,LK Pinneberg,Schleswig-Holstein,316103,10652,11.75,373,10645,12.65,373
1057,LK Plön,Schleswig-Holstein,128686,1374,3.89,32,1374,3.89,32
1058,LK Rendsburg-Eckernförde,Schleswig-Holstein,274098,4143,7.35,58,4138,6.57,58
1059,LK Schleswig-Flensburg,Schleswig-Holstein,201156,2912,4.13,60,2897,3.48,60
1060,LK Segeberg,Schleswig-Holstein,277175,6928,8.52,160,6926,6.49,160
1061,LK Steinburg,Schleswig-Holstein,131013,2373,2.03,40,2362,0.76,40
1062,LK Stormarn,Schleswig-Holstein,244156,7131,8.60,306,7131,9.01,306
2000,SK Hamburg,Hamburg,1847253,77906,13.60,1605,77870,12.18,1605
3101,SK Braunschweig,Niedersachsen,249406,6574,10.15,186,6574,10.42,186
3102,SK Salzgitter,Niedersachsen,104291,5390,17.23,79,5390,17.26,79
3103,SK Wolfsburg,Niedersachsen,124371,4071,22.76,87,4071,19.30,87
3151,LK Gifhorn,Niedersachsen,176523,6145,14.89,190,6145,15.86,190
3153,LK Goslar,Niedersachsen,136292,2621,0.73,140,2620,0.73,136
3154,LK Helmstedt,Niedersachsen,91297,2442,13.67,95,2439,10.95,95
3155,LK Northeim,Niedersachsen,132285,2627,1.51,58,2626,2.27,60
3157,LK Peine,Niedersachsen,134801,5478,10.23,106,5435,6.68,103
3158,LK Wolfenbüttel,Niedersachsen,119622,2939,9.20,100,2939,9.20,100
3159,LK Göttingen,Niedersachsen,326041,8125,5.52,269,8111,3.99,269
3241,Region Hannover,Niedersachsen,1157115,48638,13.55,1088,48768,14.61,1057
3251,LK Diepholz,Niedersachsen,217089,7124,7.67,107,7124,7.83,107
3252,LK Hameln-Pyrmont,Niedersachsen,148549,4275,4.71,102,4262,5.39,99
3254,LK Hildesheim,Niedersachsen,275817,8974,5.44,287,8879,5.08,287
3255,LK Holzminden,Niedersachsen,70458,1671,12.77,64,1671,12.77,64
3256,LK Nienburg (Weser),Niedersachsen,121390,3736,11.50,154,3732,8.24,153
3257,LK Schaumburg,Niedersachsen,157820,4879,5.07,74,4866,5.07,73
3351,LK Celle,Niedersachsen,179011,4694,8.65,67,4694,8.94,66
3352,LK Cuxhaven,Niedersachsen,198038,4528,3.45,174,4599,3.53,175
3353,LK Harburg,Niedersachsen,254431,6629,5.43,113,6625,5.90,113
3354,LK Lüchow-Dannenberg,Niedersachsen,48412,895,8.26,25,895,8.26,25
3355,LK Lüneburg,Niedersachsen,184139,3467,5.43,63,3467,5.43,63
3356,LK Osterholz,Niedersachsen,113928,2741,2.63,66,2741,2.63,66
3357,LK Rotenburg (Wümme),Niedersachsen,163782,4038,10.67,97,4045,9.16,97
3358,LK Heidekreis,Niedersachsen,140673,3402,6.40,107,3402,6.40,107
3359,LK Stade,Niedersachsen,204512,5258,6.85,121,5258,4.89,121
3360,LK Uelzen,Niedersachsen,92389,2204,13.70,115,2202,14.07,115
3361,LK Verden,Niedersachsen,137133,3980,10.21,59,3979,9.48,59
3401,SK Delmenhorst,Niedersachsen,77559,3565,13.96,69,3565,14.18,69
3402,SK Emden,Niedersachsen,49913,1331,4.01,14,1330,4.01,14
3403,SK Oldenburg,Niedersachsen,169077,4566,13.77,46,4328,14.79,46
3404,SK Osnabrück,Niedersachsen,165251,7543,14.21,104,7567,11.50,101
3405,SK Wilhelmshaven,Niedersachsen,76089,1948,10.51,56,1945,10.51,56
3451,LK Ammerland,Niedersachsen,124859,3168,5.19,64,3165,4.00,64
3452,LK Aurich,Niedersachsen,189694,3744,2.98,62,3737,2.11,62
3453,LK Cloppenburg,Niedersachsen,170682,10913,7.62,166,10903,8.79,166
3454,LK Emsland,Niedersachsen,326954,12703,7.34,188,12700,8.26,188
3455,LK Friesland,Niedersachsen,98704,1630,1.01,42,1630,1.01,42
3456,LK Grafschaft Bentheim,Niedersachsen,137162,5398,21.47,123,5398,22.60,123
3457,LK Leer,Niedersachsen,170756,4447,0.59,62,4447,0.59,62
3458,LK Oldenburg,Niedersachsen,130890,5168,5.35,117,5097,6.11,117
3459,LK Osnabrück,Niedersachsen,358080,15719,14.80,328,15644,13.40,302
3460,LK Vechta,Niedersachsen,142814,8814,6.30,99,8810,6.30,92
3461,LK Wesermarsch,Niedersachsen,88583,3250,3.19,113,3250,2.26,113
3462,LK Wittmund,Niedersachsen,56926,1244,0.00,35,1244,0.00,35
4011,SK Bremen,Bremen,567559,23088,14.37,384,23075,13.92,384
4012,SK Bremerhaven,Bremen,113643,4541,3.52,105,4541,3.52,105
5111,SK Düsseldorf,Nordrhein-Westfalen,621877,25543,30.70,435,25543,31.04,435
5112,SK Duisburg,Nordrhein-Westfalen,498686,28908,2.80,668,28906,7.02,668
5113,SK Essen,Nordrhein-Westfalen,582760,26091,6.17,580,26162,8.75,580
5114,SK Krefeld,Nordrhein-Westfalen,227417,11709,13.40,177,11709,13.63,177
5116,SK Mönchengladbach,Nordrhein-Westfalen,261034,11027,7.71,233,11027,6.90,233
5117,SK Mülheim a.d.Ruhr,Nordrhein-Westfalen,170632,8465,5.76,234,8460,4.69,234
5119,SK Oberhausen,Nordrhein-Westfalen,210764,11077,14.94,366,11077,14.23,366
5120,SK Remscheid,Nordrhein-Westfalen,111338,6287,7.77,177,6287,8.08,179
5122,SK Solingen,Nordrhein-Westfalen,159245,9342,11.50,196,9342,11.93,196
5124,SK Wuppertal,Nordrhein-Westfalen,355100,20250,6.73,488,20230,1.97,488
5154,LK Kleve,Nordrhein-Westfalen,312465,11422,8.27,189,11422,8.32,189
5158,LK Mettmann,Nordrhein-Westfalen,485570,24304,8.54,763,24311,9.68,763
5162,LK Rhein-Kreis Neuss,Nordrhein-Westfalen,451730,18393,20.49,356,18355,11.07,356
5166,LK Viersen,Nordrhein-Westfalen,298863,11682,6.52,309,11682,6.69,309
5170,LK Wesel,Nordrhein-Westfalen,459976,17814,6.96,310,17787,5.87,310
5314,SK Bonn,Nordrhein-Westfalen,329673,14608,10.66,254,14608,10.01,254
5315,SK Köln,Nordrhein-Westfalen,1087863,53873,16.47,727,53873,16.91,727
5316,SK Leverkusen,Nordrhein-Westfalen,163729,8012,16.17,102,8012,16.49,102
5334,StadtRegion Aachen,Nordrhein-Westfalen,557026,26748,12.98,588,26748,13.64,588
5358,LK Düren,Nordrhein-Westfalen,264638,13714,11.27,289,13722,12.47,289
5362,LK Rhein-Erft-Kreis,Nordrhein-Westfalen,470615,20178,4.81,406,20178,4.89,406
5366,LK Euskirchen,Nordrhein-Westfalen,193656,7993,0.52,241,7993,1.03,241
5370,LK Heinsberg,Nordrhein-Westfalen,255555,11971,8.61,421,11594,9.00,376
5374,LK Oberbergischer Kreis,Nordrhein-Westfalen,272057,14542,17.20,250,14542,17.64,250
5378,LK Rheinisch-Bergischer Kreis,Nordrhein-Westfalen,283271,11334,10.29,176,11334,10.59,176
5382,LK Rhein-Sieg-Kreis,Nordrhein-Westfalen,600764,23450,7.32,547,23439,5.83,548
5512,SK Bottrop,Nordrhein-Westfalen,117565,5397,5.95,113,5397,5.95,113
5513,SK Gelsenkirchen,Nordrhein-Westfalen,259645,15549,8.53,414,15549,8.47,414
5515,SK Münster,Nordrhein-Westfalen,315293,8265,12.69,121,8264,8.56,121
5554,LK Borken,Nordrhein-Westfalen,371339,13980,14.79,261,14017,15.62,261
5558,LK Coesfeld,Nordrhein-Westfalen,220586,5645,4.99,102,5645,6.35,98
5562,LK Recklinghausen,Nordrhein-Westfalen,614137,31808,8.30,983,31802,9.61,984
5566,LK Steinfurt,Nordrhein-Westfalen,448220,17112,9.35,331,17103,8.92,331
5570,LK Warendorf,Nordrhein-Westfalen,277840,11751,8.22,250,11751,8.64,250
5711,SK Bielefeld,Nordrhein-Westfalen,334195,15869,6.52,345,15869,6.28,345
5754,LK Gütersloh,Nordrhein-Westfalen,364938,20085,10.40,319,20086,10.96,319
5758,LK Herford,Nordrhein-Westfalen,250578,11178,7.24,184,11178,7.58,184
5762,LK Höxter,Nordrhein-Westfalen,140251,5118,11.38,141,5117,12.83,141
5766,LK Lippe,Nordrhein-Westfalen,347514,17236,6.62,393,17244,8.92,393
5770,LK Minden-Lübbecke,Nordrhein-Westfalen,310409,15018,17.07,262,15005,12.89,262
5774,LK Paderborn,Nordrhein-Westfalen,307839,10629,7.80,159,10538,6.82,159
5911,SK Bochum,Nordrhein-Westfalen,365587,16178,11.02,244,16179,10.39,244
5913,SK Dortmund,Nordrhein-Westfalen,588250,28363,6.93,393,28359,6.63,393
5914,SK Hagen,Nordrhein-Westfalen,188686,12551,9.80,323,12546,9.01,323
5915,SK Hamm,Nordrhein-Westfalen,179916,10388,12.23,198,10381,9.45,198
5916,SK Herne,Nordrhein-Westfalen,156449,9517,4.78,270,9517,5.11,270
5954,LK Ennepe-Ruhr-Kreis,Nordrhein-Westfalen,324106,13498,9.97,366,13514,8.95,365
5958,LK Hochsauerlandkreis,Nordrhein-Westfalen,259777,9862,5.89,200,9863,5.77,200
5962,LK Märkischer Kreis,Nordrhein-Westfalen,410222,20990,8.20,415,20990,8.53,415
5966,LK Olpe,Nordrhein-Westfalen,133955,5862,10.45,164,5862,10.45,164
5970,LK Siegen-Wittgenstein,Nordrhein-Westfalen,276944,11761,6.91,178,11764,7.22,178
5974,LK Soest,Nordrhein-Westfalen,301785,8807,8.95,188,8806,10.27,188
5978,LK Unna,Nordrhein-Westfalen,394891,19077,5.06,490,19004,4.56,490
6411,SK Darmstadt,Hessen,159878,5901,28.73,152,5901,30.02,152
6412,SK Frankfurt am Main,Hessen,763380,39839,25.22,808,39839,26.07,808
6413,SK Offenbach,Hessen,130280,9322,18.79,186,9322,16.89,185
6414,SK Wiesbaden,Hessen,278474,13185,26.38,279,13187,29.09,279
6431,LK Bergstraße,Hessen,270340,11171,13.32,325,11171,13.69,325
6432,LK Darmstadt-Dieburg,Hessen,297844,11181,11.90,310,11089,11.75,308
6433,LK Groß-Gerau,Hessen,275726,14393,11.34,302,14393,11.24,302
6434,LK Hochtaunuskreis,Hessen,236914,8379,13.00,209,8379,12.24,209
6435,LK Main-Kinzig-Kreis,Hessen,420552,22631,12.03,629,22636,10.22,629
6436,LK Main-Taunus-Kreis,Hessen,238558,9330,19.70,215,9187,17.61,213
6437,LK Odenwaldkreis,Hessen,96703,4463,7.06,171,4463,7.24,171
6438,LK Offenbach,Hessen,355813,18467,10.76,552,18467,11.24,552
6439,LK Rheingau-Taunus-Kreis,Hessen,187160,7314,7.20,191,7311,6.95,188
6440,LK Wetteraukreis,Hessen,308339,13252,9.44,570,13252,9.73,538
6531,LK Gießen,Hessen,270688,13998,7.02,366,14028,8.13,361
6532,LK Lahn-Dill-Kreis,Hessen,253319,12358,2.30,225,12361,1.97,219
6533,LK Limburg-Weilburg,Hessen,171912,9253,17.23,285,9253,18.03,285
6534,LK Marburg-Biedenkopf,Hessen,247084,10957,2.02,285,11128,1.62,284
6535,LK Vogelsbergkreis,Hessen,105643,4060,3.79,107,4060,3.79,107
6611,SK Kassel,Hessen,202137,8516,4.78,196,8509,4.95,196
6631,LK Fulda,Hessen,223145,13331,6.27,278,13331,8.07,278
6632,LK Hersfeld-Rotenburg,Hessen,120719,6141,0.83,189,6157,-2.49,189
6633,LK Kassel,Hessen,236764,8278,7.17,229,8278,7.60,229
6634,LK Schwalm-Eder-Kreis,Hessen,179673,6741,8.35,246,6724,7.24,244
6635,LK Waldeck-Frankenberg,Hessen,156406,6367,1.17,159,6367,1.28,155
6636,LK Werra-Meißner-Kreis,Hessen,100629,3700,1.99,157,3683,1.99,157
7111,SK Koblenz,Rheinland-Pfalz,114052,4533,11.40,154,4528,10.52,154
7131,LK Ahrweiler,Rheinland-Pfalz,130086,4529,3.07,52,4484,3.84,52
7132,LK Altenkirchen,Rheinland-Pfalz,128805,4938,5.43,101,4938,5.43,101
7133,LK Bad Kreuznach,Rheinland-Pfalz,158345,6076,13.78,142,6074,13.26,142
7134,LK Birkenfeld,Rheinland-Pfalz,80951,3418,60.87,92,3408,50.65,92
7135,LK Cochem-Zell,Rheinland-Pfalz,61375,1970,11.41,61,1972,9.78,61
7137,LK Mayen-Koblenz,Rheinland-Pfalz,214434,7347,1.87,176,7331,2.80,176
7138,LK Neuwied,Rheinland-Pfalz,182811,8242,8.75,196,8224,8.21,194
7140,LK Rhein-Hunsrück-Kreis,Rheinland-Pfalz,103163,3764,9.69,102,3765,10.66,102
7141,LK Rhein-Lahn-Kreis,Rheinland-Pfalz,122297,4059,8.85,98,4059,7.36,98
7143,LK Westerwaldkreis,Rheinland-Pfalz,201904,7455,2.97,156,7437,5.45,156
7211,SK Trier,Rheinland-Pfalz,111528,2819,42.14,30,2820,40.35,30
7231,LK Bernkastel-Wittlich,Rheinland-Pfalz,112483,3065,7.11,62,3065,8.89,62
7232,LK Bitburg-Prüm,Rheinland-Pfalz,99058,3390,8.08,31,3391,8.08,31
7233,LK Vulkaneifel,Rheinland-Pfalz,60646,2083,0.00,61,2084,0.00,61
7235,LK Trier-Saarburg,Rheinland-Pfalz,149398,4485,14.73,94,4483,14.73,95
7311,SK Frankenthal,Rheinland-Pfalz,48762,2154,4.10,52,2154,4.10,52
7312,SK Kaiserslautern,Rheinland-Pfalz,100030,3642,14.00,113,3715,11.00,116
7313,SK Landau i.d.Pfalz,Rheinland-Pfalz,46881,1678,17.06,38,1671,17.06,35
7314,SK Ludwigshafen,Rheinland-Pfalz,172253,10646,8.71,330,10646,9.87,330
7315,SK Mainz,Rheinland-Pfalz,218578,10239,16.60,208,10219,16.01,209
7316,SK Neustadt a.d.Weinstraße,Rheinland-Pfalz,53264,1737,3.75,38,1700,3.75,38
7317,SK Pirmasens,Rheinland-Pfalz,40231,1407,9.94,53,1406,9.94,54
7318,SK Speyer,Rheinland-Pfalz,50561,2873,29.67,84,2873,29.67,84
7319,SK Worms,Rheinland-Pfalz,83542,4244,15.56,94,4244,15.56,94
7320,SK Zweibrücken,Rheinland-Pfalz,34193,865,11.70,9,865,11.70,9
7331,LK Alzey-Worms,Rheinland-Pfalz,129687,5098,13.88,121,5097,13.88,121
7332,LK Bad Dürkheim,Rheinland-Pfalz,132671,4446,4.13,150,4453,3.01,150
7333,LK Donnersbergkreis,Rheinland-Pfalz,75325,2594,6.64,70,2595,6.64,70
7334,LK Germersheim,Rheinland-Pfalz,129013,5578,9.30,125,5578,8.53,125
7335,LK Kaiserslautern,Rheinland-Pfalz,105979,4051,11.32,80,3923,11.32,82
7336,LK Kusel,Rheinland-Pfalz,70219,2230,4.27,68,2230,4.27,68
7337,LK Südliche Weinstraße,Rheinland-Pfalz,110521,3684,2.71,119,3691,2.71,118
7338,LK Rhein-Pfalz-Kreis,Rheinland-Pfalz,154609,6750,14.12,230,6750,14.23,230
7339,LK Mainz-Bingen,Rheinland-Pfalz,211417,7516,5.04,219,7499,6.15,218
7340,LK Südwestpfalz,Rheinland-Pfalz,94831,2652,2.11,86,2651,2.11,85
8111,SK Stuttgart,Baden-Württemberg,635911,30052,20.78,452,29918,16.98,452
8115,LK Böblingen,Baden-Württemberg,392807,17031,10.38,259,17020,8.40,275
8116,LK Esslingen,Baden-Württemberg,535024,26928,9.31,554,26373,7.48,554
8117,LK Göppingen,Baden-Württemberg,258145,12784,-17.04,239,12916,5.42,242
8118,LK Ludwigsburg,Baden-Württemberg,545423,26990,9.70,517,26976,8.07,517
8119,LK Rems-Murr-Kreis,Baden-Württemberg,427248,20371,8.06,360,20366,8.43,359
8121,SK Heilbronn,Baden-Württemberg,126592,8828,9.21,136,8827,8.69,136
8125,LK Heilbronn,Baden-Württemberg,344456,16065,8.02,203,16058,10.16,203
8126,LK Hohenlohekreis,Baden-Württemberg,112655,5934,11.54,129,5682,13.31,120
8127,LK Schwäbisch Hall,Baden-Württemberg,196761,11698,2.03,261,11499,2.03,261
8128,LK Main-Tauber-Kreis,Baden-Württemberg,132399,5138,3.52,90,5136,3.02,90
8135,LK Heidenheim,Baden-Württemberg,132777,6197,24.72,161,6196,24.10,161
8136,LK Ostalbkreis,Baden-Württemberg,314025,15795,5.83,410,15657,5.10,410
8211,SK Baden-Baden,Baden-Württemberg,55185,2108,11.75,68,2112,10.87,65
8212,SK Karlsruhe,Baden-Württemberg,312060,10914,21.98,221,10879,22.43,221
8215,LK Karlsruhe,Baden-Württemberg,445101,18737,9.35,470,18622,9.21,470
8216,LK Rastatt,Baden-Württemberg,231420,10045,12.46,201,10033,12.53,196
8221,SK Heidelberg,Baden-Württemberg,161485,5216,10.53,66,5172,13.00,64
8222,SK Mannheim,Baden-Württemberg,310658,16395,6.43,304,16389,8.37,304
8225,LK Neckar-Odenwald-Kreis,Baden-Württemberg,143633,6357,1.39,142,6355,1.39,142
8226,LK Rhein-Neckar-Kreis,Baden-Württemberg,548355,22561,7.29,438,22639,8.21,434
8231,SK Pforzheim,Baden-Württemberg,125957,8274,4.63,207,7728,3.18,199
8235,LK Calw,Baden-Württemberg,159201,8298,9.62,183,8298,10.05,183
8236,LK Enzkreis,Baden-Württemberg,199556,10123,8.02,269,9719,6.51,262
8237,LK Freudenstadt,Baden-Württemberg,118243,5480,4.23,160,5372,2.54,158
8311,SK Freiburg i.Breisgau,Baden-Württemberg,231195,7682,16.56,166,7567,17.73,159
8315,LK Breisgau-Hochschwarzwald,Baden-Württemberg,263601,8734,9.34,194,8580,6.83,188
8316,LK Emmendingen,Baden-Württemberg,166408,6210,10.80,158,6205,7.81,158
8317,LK Ortenaukreis,Baden-Württemberg,430953,19218,6.69,569,19212,6.73,569
8325,LK Rottweil,Baden-Württemberg,139878,7770,8.46,162,7768,7.86,162
8326,LK Schwarzwald-Baar-Kreis,Baden-Württemberg,212506,10017,6.98,213,10020,6.12,212
8327,LK Tuttlingen,Baden-Württemberg,140766,7703,6.61,158,7700,4.26,156
8335,LK Konstanz,Baden-Württemberg,286305,11604,8.38,296,11545,7.68,296
8336,LK Lörrach,Baden-Württemberg,228736,9969,17.04,299,9963,14.86,301
8337,LK Waldshut,Baden-Württemberg,171003,7776,6.23,225,7486,5.85,210
8415,LK Reutlingen,Baden-Württemberg,287034,13773,9.75,279,13764,8.01,269
8416,LK Tübingen,Baden-Württemberg,228678,9436,6.12,183,9421,6.56,182
8417,LK Zollernalbkreis,Baden-Württemberg,189363,9285,5.01,173,9282,3.70,173
8421,SK Ulm,Baden-Württemberg,126790,5973,24.15,84,5944,23.66,84
8425,LK Alb-Donau-Kreis,Baden-Württemberg,197076,8907,5.91,176,8859,5.58,179
8426,LK Biberach,Baden-Württemberg,201282,8830,1.49,178,8830,2.48,178
8435,LK Bodenseekreis,Baden-Württemberg,217470,7814,4.14,158,7810,5.06,158
8436,LK Ravensburg,Baden-Württemberg,285424,11349,4.72,150,11061,4.20,141
8437,LK Sigmaringen,Baden-Württemberg,130849,5824,5.35,88,5580,1.53,85
9161,SK Ingolstadt,Bayern,137392,6223,18.92,115,6222,17.47,115
9162,SK München,Bayern,1484226,74071,17.15,1265,74083,17.25,1265
9163,SK Rosenheim,Bayern,63551,3945,7.87,67,3945,7.87,67
9171,LK Altötting,Bayern,111516,6074,15.03,210,6074,17.04,210
9172,LK Berchtesgadener Land,Bayern,105929,6041,11.17,102,6041,10.38,102
9173,LK Bad Tölz-Wolfratshausen,Bayern,127917,5129,29.71,79,5124,26.58,79
9174,LK Dachau,Bayern,154899,8256,4.07,143,8256,4.52,143
9175,LK Ebersberg,Bayern,143649,6396,15.77,181,6396,14.62,181
9176,LK Eichstätt,Bayern,132881,5124,6.51,86,5085,5.27,86
9177,LK Erding,Bayern,138182,7068,12.30,118,6989,11.58,118
9178,LK Freising,Bayern,180007,8242,20.54,130,8242,18.89,130
9179,LK Fürstenfeldbruck,Bayern,219311,9770,16.87,140,9769,17.33,140
9180,LK Garmisch-Partenkirchen,Bayern,88424,4074,7.92,87,3656,6.79,87
9181,LK Landsberg a.Lech,Bayern,120302,4116,9.80,71,4116,10.81,71
9182,LK Miesbach,Bayern,100010,4602,7.00,82,4600,6.00,82
9183,LK Mühldorf a.Inn,Bayern,115872,6976,9.05,155,6984,9.49,155
9184,LK München,Bayern,350473,15320,12.87,293,15439,11.70,294
9185,LK Neuburg-Schrobenhausen,Bayern,97303,4199,21.05,80,4196,21.58,80
9186,LK Pfaffenhofen a.d.Ilm,Bayern,128227,5666,6.24,159,5666,6.24,159
9187,LK Rosenheim,Bayern,261330,13959,6.56,462,13959,6.89,462
9188,LK Starnberg,Bayern,136667,5152,25.61,116,5149,25.61,113
9189,LK Traunstein,Bayern,177319,11117,14.10,217,11117,14.10,217
9190,LK Weilheim-Schongau,Bayern,135478,5168,-1.48,84,5168,0.74,84
9261,SK Landshut,Bayern,73411,4100,14.51,110,4100,14.98,110
9262,SK Passau,Bayern,52803,3401,1.89,117,3401,1.89,113
9263,SK Straubing,Bayern,47791,2382,5.92,87,2382,6.28,87
9271,LK Deggendorf,Bayern,119478,7018,15.47,160,7018,15.90,160
9272,LK Freyung-Grafenau,Bayern,78362,4916,2.33,128,4916,2.55,128
9273,LK Kelheim,Bayern,123058,5942,2.44,110,5942,2.44,110
9274,LK Landshut,Bayern,159895,8036,3.64,175,8036,3.75,175
9275,LK Passau,Bayern,192656,12966,1.04,394,12965,1.56,371
9276,LK Regen,Bayern,77410,5531,0.00,163,5531,0.00,163
9277,LK Rottal-Inn,Bayern,121502,7561,6.30,182,7561,7.41,182
9278,LK Straubing-Bogen,Bayern,101120,5376,6.41,141,5376,6.92,141
9279,LK Dingolfing-Landau,Bayern,96683,5837,20.33,99,5837,20.69,99
9361,SK Amberg,Bayern,42207,1765,30.31,24,1765,33.17,24
9362,SK Regensburg,Bayern,153094,7041,15.23,89,7041,13.72,89
9363,SK Weiden i.d.OPf.,Bayern,42743,2698,4.28,98,2698,4.68,98
9371,LK Amberg-Sulzbach,Bayern,103049,4846,10.34,160,4846,10.67,160
9372,LK Cham,Bayern,127998,7136,1.56,182,7136,1.56,182
9373,LK Neumarkt i.d.OPf.,Bayern,134573,6886,3.72,142,6575,1.49,142
9374,LK Neustadt a.d.Waldnaab,Bayern,94450,5258,0.00,188,5258,0.00,188
9375,LK Regensburg,Bayern,194070,8338,16.22,205,8338,16.49,205
9376,LK Schwandorf,Bayern,147872,8392,4.73,157,8392,4.73,157
9377,LK Tirschenreuth,Bayern,72046,5301,0.00,266,5317,0.00,265
9461,SK Bamberg,Bayern,77373,3129,32.31,108,3140,32.31,108
9462,SK Bayreuth,Bayern,74783,3496,8.02,112,3478,9.36,109
9463,SK Coburg,Bayern,41072,2404,2.43,92,2404,2.43,92
9464,SK Hof,Bayern,45825,3977,2.18,117,3973,4.36,117
9471,LK Bamberg,Bayern,147163,5723,29.90,145,5665,27.86,145
9472,LK Bayreuth,Bayern,103664,4926,1.93,157,4936,0.96,163
9473,LK Coburg,Bayern,86747,4889,0.00,161,4889,0.00,161
9474,LK Forchheim,Bayern,116203,4806,9.47,113,4804,9.47,113
9475,LK Hof,Bayern,94801,6405,3.16,157,6408,2.11,157
9476,LK Kronach,Bayern,66743,4234,8.99,96,4234,8.99,96
9477,LK Kulmbach,Bayern,71566,4087,0.00,117,4087,0.00,117
9478,LK Lichtenfels,Bayern,66776,3660,4.49,73,3590,3.00,85
9479,LK Wunsiedel i.Fichtelgebirge,Bayern,72655,5032,1.14,198,5031,1.38,198
9561,SK Ansbach,Bayern,41798,1920,2.39,45,1876,4.78,45
9562,SK Erlangen,Bayern,112528,4014,8.43,95,4013,8.00,95
9563,SK Fürth,Bayern,128497,7742,6.09,225,7753,7.00,225
9564,SK Nürnberg,Bayern,518370,34780,11.12,973,34780,11.38,968
9565,SK Schwabach,Bayern,40981,2155,2.44,105,2155,2.44,105
9571,LK Ansbach,Bayern,184591,8418,6.50,197,8423,7.04,197
9572,LK Erlangen-Höchstadt,Bayern,137262,5433,9.22,130,5434,9.47,130
9573,LK Fürth,Bayern,117853,5383,8.49,209,5385,8.49,209
9574,LK Nürnberger Land,Bayern,170792,7494,4.68,198,7462,4.68,185
9575,LK Neustadt a.d.Aisch-Bad Windsheim,Bayern,101014,4392,1.98,107,4391,0.99,107
9576,LK Roth,Bayern,126749,5697,5.39,174,5697,5.52,174
9577,LK Weißenburg-Gunzenhausen,Bayern,94734,3926,4.91,118,3926,5.28,118
9661,SK Aschaffenburg,Bayern,71002,3505,6.80,115,3505,7.04,115
9662,SK Schweinfurt,Bayern,53426,3177,11.23,95,3177,11.23,92
9663,SK Würzburg,Bayern,127934,4587,13.67,124,4587,14.07,124
9671,LK Aschaffenburg,Bayern,174200,8033,3.92,213,8033,4.02,213
9672,LK Bad Kissingen,Bayern,103235,3644,0.97,104,3644,0.97,104
9673,LK Rhön-Grabfeld,Bayern,79635,3554,8.57,89,3554,6.28,89
9674,LK Haßberge,Bayern,84384,4082,6.91,87,4083,8.30,87
9675,LK Kitzingen,Bayern,91155,3304,6.58,87,3301,6.58,87
9676,LK Miltenberg,Bayern,128743,6141,5.44,129,6009,1.55,129
9677,LK Main-Spessart,Bayern,126158,4770,5.28,215,4770,5.55,215
9678,LK Schweinfurt,Bayern,115445,5155,5.91,137,5155,6.06,139
9679,LK Würzburg,Bayern,162302,4473,2.46,73,4473,2.46,73
9761,SK Augsburg,Bayern,296582,18312,16.57,404,18082,20.57,404
9762,SK Kaufbeuren,Bayern,44398,2508,11.26,57,2393,11.26,56
9763,SK Kempten,Bayern,69151,3279,5.54,51,3279,5.78,48
9764,SK Memmingen,Bayern,44100,2257,2.27,26,2257,2.27,26
9771,LK Aichach-Friedberg,Bayern,134655,5205,14.16,101,5205,16.34,101
9772,LK Augsburg,Bayern,253468,11484,13.02,232,11497,12.62,231
9773,LK Dillingen a.d.Donau,Bayern,96562,3820,23.28,117,3807,23.82,115
9774,LK Günzburg,Bayern,127027,7010,28.07,110,7010,31.49,110
9775,LK Neu-Ulm,Bayern,175204,7783,7.60,121,7783,7.42,120
9776,LK Lindau,Bayern,81981,3453,3.45,63,3453,3.66,63
9777,LK Ostallgäu,Bayern,141182,7068,2.83,133,7169,2.83,134
9778,LK Unterallgäu,Bayern,145341,7290,6.52,168,7291,4.82,168
9779,LK Donau-Ries,Bayern,133783,6019,5.23,165,6012,2.99,165
9780,LK Oberallgäu,Bayern,156008,5974,4.60,92,5974,5.13,90
10041,LK Stadtverband Saarbrücken,Saarland,328714,15926,8.51,475,15861,7.91,466
10042,LK Merzig-Wadern,Saarland,103243,3441,15.97,61,3505,16.47,61
10043,LK Neunkirchen,Saarland,131408,5462,4.57,118,5514,0.00,125
10044,LK Saarlouis,Saarland,194319,8602,11.06,151,8599,9.78,151
10045,LK Saar-Pfalz-Kreis,Saarland,142196,4950,5.63,115,4916,5.63,113
10046,LK Sankt Wendel,Saarland,87007,3291,1.15,113,3291,5.75,113
11000,Berlin,Berlin,3669491,181149,15.72,3570,181149,16.00,3570
11001,SK Berlin Mitte,Berlin,380917,,,,22970,24.41,301
11002,SK Berlin Friedrichshain-Kreuzberg,Berlin,290083,,,,14771,26.89,169
11003,SK Berlin Pankow,Berlin,409454,,,,15298,19.78,220
11004,SK Berlin Charlottenburg-Wilmersdorf,Berlin,342950,,,,15428,22.16,300
11005,SK Berlin Spandau,Berlin,244458,,,,13937,11.04,258
11006,SK Berlin Steglitz-Zehlendorf,Berlin,308582,,,,12775,8.43,416
11007,SK Berlin Tempelhof-Schöneberg,Berlin,351062,,,,17738,16.24,479
11008,SK Berlin Neukölln,Berlin,328666,,,,21031,15.21,416
11009,SK Berlin Treptow-Köpenick,Berlin,273817,,,,9944,10.23,216
11010,SK Berlin Marzahn-Hellersdorf,Berlin,271311,,,,11091,2.95,248
11011,SK Berlin Lichtenberg,Berlin,294937,,,,12189,13.22,255
11012,SK Berlin Reinickendorf,Berlin,266219,,,,13977,9.02,292
12051,SK Brandenburg a.d.Havel,Brandenburg,72184,2349,1.39,89,2336,1.39,89
12052,SK Cottbus,Brandenburg,99678,5972,11.17,206,5960,11.04,206
12053,SK Frankfurt (Oder),Brandenburg,57751,2267,19.05,113,2267,17.32,113
12054,SK Potsdam,Brandenburg,180334,7275,7.11,244,7123,6.65,244
12060,LK Barnim,Brandenburg,185244,6106,5.12,225,6106,5.40,225
12061,LK Dahme-Spreewald,Brandenburg,170791,7109,6.93,252,7109,5.86,252
12062,LK Elbe-Elster,Brandenburg,101827,7164,8.67,247,7164,8.84,247
12063,LK Havelland,Brandenburg,162996,6295,13.98,182,6295,14.72,182
12064,LK Märkisch-Oderland,Brandenburg,195751,6964,4.93,276,6964,5.11,276
12065,LK Oberhavel,Brandenburg,212914,8405,3.22,307,8405,2.82,307
12066,LK Oberspreewald-Lausitz,Brandenburg,109371,7203,-0.16,261,7203,0.91,261
12067,LK Oder-Spree,Brandenburg,178803,8299,4.84,313,8242,5.03,313
12068,LK Ostprignitz-Ruppin,Brandenburg,98861,4296,2.02,174,4144,2.02,155
12069,LK Potsdam-Mittelmark,Brandenburg,216566,7897,5.46,207,7897,1.39,207
12070,LK Prignitz,Brandenburg,76158,3238,1.31,164,3238,1.31,164
12071,LK Spree-Neiße,Brandenburg,113720,7667,5.28,199,7650,6.16,199
12072,LK Teltow-Fläming,Brandenburg,169997,6899,4.12,209,6899,4.12,209
12073,LK Uckermark,Brandenburg,118947,3925,0.84,166,3925,0.84,166
13003,SK Rostock,Mecklenburg-Vorpommern,209191,3164,5.88,43,3159,4.30,43
13004,SK Schwerin,Mecklenburg-Vorpommern,95653,2711,12.00,109,2708,10.45,109
13071,LK Mecklenburgische Seenplatte,Mecklenburg-Vorpommern,258074,8747,1.55,162,8746,1.94,162
13072,LK Rostock,Mecklenburg-Vorpommern,215794,4522,1.85,146,4522,1.85,146
13073,LK Vorpommern-Rügen,Mecklenburg-Vorpommern,224702,3895,2.67,79,3895,3.12,79
13074,LK Nordwestmecklenburg,Mecklenburg-Vorpommern,157322,3880,2.96,85,3880,2.54,85
13075,LK Vorpommern-Greifswald,Mecklenburg-Vorpommern,235623,10024,2.47,287,10023,2.12,287
13076,LK Ludwigslust-Parchim,Mecklenburg-Vorpommern,211779,7299,2.28,254,7298,1.89,254
14511,SK Chemnitz,Sachsen,246334,17048,0.81,543,17048,0.81,543
14521,LK Erzgebirgskreis,Sachsen,334948,31976,2.09,901,31975,2.09,901
14522,LK Mittelsachsen,Sachsen,304099,24306,0.60,708,24306,0.33,699
14523,LK Vogtlandkreis,Sachsen,225997,18832,1.77,859,18832,2.21,831
14524,LK Zwickau,Sachsen,315002,26743,2.86,1086,26796,2.22,1054
14612,SK Dresden,Sachsen,556780,30764,9.45,1106,30725,9.16,1106
14625,LK Bautzen,Sachsen,299758,27629,3.00,943,27462,3.34,940
14626,LK Görlitz,Sachsen,252725,20435,0.40,1160,20437,0.40,1160
14627,LK Meißen,Sachsen,241717,17268,1.58,601,17239,2.07,601
14628,LK Sächsische Schweiz-Osterzgebirge,Sachsen,245586,20849,3.66,987,20610,2.85,980
14713,SK Leipzig,Sachsen,593145,22523,5.52,540,22477,5.73,535
14729,LK Leipzig,Sachsen,258139,14767,3.87,358,14734,3.87,358
14730,LK Nordsachsen,Sachsen,197741,13520,2.02,407,13520,2.02,407
15001,SK Dessau-Roßlau,Sachsen-Anhalt,80103,3300,3.75,123,3295,4.99,123
15002,SK Halle,Sachsen-Anhalt,238762,11770,4.53,355,11720,5.03,351
15003,SK Magdeburg,Sachsen-Anhalt,237565,6728,4.63,149,6728,4.63,149
15081,LK Altmarkkreis Salzwedel,Sachsen-Anhalt,83173,2472,2.40,80,2472,2.40,80
15082,LK Anhalt-Bitterfeld,Sachsen-Anhalt,158486,6782,5.05,183,6757,0.00,183
15083,LK Börde,Sachsen-Anhalt,170923,6088,-6.44,138,6088,-6.44,138
15084,LK Burgenlandkreis,Sachsen-Anhalt,178846,13158,1.12,598,13185,1.12,595
15085,LK Harz,Sachsen-Anhalt,213310,8797,0.94,280,8797,0.94,280
15086,LK Jerichower Land,Sachsen-Anhalt,89589,3380,0.00,157,3380,0.00,157
15087,LK Mansfeld-Südharz,Sachsen-Anhalt,134942,6404,1.48,226,6402,2.22,226
15088,LK Saalekreis,Sachsen-Anhalt,183815,10148,10.79,357,10148,10.34,353
15089,LK Salzlandkreis,Sachsen-Anhalt,189125,8906,4.76,365,8906,4.23,322
15090,LK Stendal,Sachsen-Anhalt,111190,4804,0.90,204,4765,0.90,179
15091,LK Wittenberg,Sachsen-Anhalt,124953,6692,2.26,298,6692,2.40,298
16051,SK Erfurt,Thüringen,213981,8629,1.79,273,8629,1.87,273
16052,SK Gera,Thüringen,93125,5706,2.15,202,5706,2.15,202
16053,SK Jena,Thüringen,111343,4338,1.80,83,4338,1.80,83
16054,SK Suhl,Thüringen,36789,2177,2.25,113,2177,2.72,113
16055,SK Weimar,Thüringen,65228,2619,0.00,103,2619,0.00,103
16056,SK Eisenach,Thüringen,42250,1961,0.00,76,1961,0.00,76
16061,LK Eichsfeld,Thüringen,100006,6249,-1.34,253,6249,2.00,250
16062,LK Nordhausen,Thüringen,83416,2966,3.60,70,2939,3.60,70
16063,LK Wartburgkreis,Thüringen,118974,8311,3.36,249,8311,1.68,249
16064,LK Unstrut-Hainich-Kreis,Thüringen,102232,6426,0.98,264,6426,0.98,264
16065,LK Kyffhäuserkreis,Thüringen,74212,3684,1.35,144,3684,1.35,144
16066,LK Schmalkalden-Meiningen,Thüringen,124916,10011,5.60,370,10011,5.60,370
16067,LK Gotha,Thüringen,134908,9237,9.25,250,8684,6.67,205
16068,LK Sömmerda,Thüringen,69427,4165,0.00,133,4165,0.00,133
16069,LK Hildburghausen,Thüringen,63197,5404,27.39,248,5404,28.48,248
16070,LK Ilm-Kreis,Thüringen,106249,6513,0.00,218,6513,0.00,218
16071,LK Weimarer Land,Thüringen,82156,4156,2.43,83,4127,18.26,77
16072,LK Sonneberg,Thüringen,57717,4246,1.73,163,4246,0.00,163
16073,LK Saalfeld-Rudolstadt,Thüringen,103199,6783,0.80,288,6783,0.97,288
16074,LK Saale-Holzland-Kreis,Thüringen,82950,4752,3.41,127,4740,3.62,127
16075,LK Saale-Orla-Kreis,Thüringen,80312,6461,1.25,181,6461,1.25,181
16076,LK Greiz,Thüringen,97398,7886,16.43,228,7864,17.45,230
16077,LK Altenburger Land,Thüringen,89393,6906,16.78,293,6906,7.83,293
